{
  "raw": {
    "ppo": {
      "Standard": [
        58.101185474205664
      ],
      "g+5% f-5%": [
        58.34580791841137
      ],
      "g-5% f+5%": [
        57.6784227208472
      ],
      "g+10% f-10%": [
        58.6679628619195
      ],
      "g-10% f+10%": [
        57.37211725172036
      ],
      "High Gravity / Low Friction": [
        59.301546439409705
      ],
      "Low Gravity / High Friction": [
        56.72284394648484
      ]
    },
    "ppo_domain_rand": {
      "Standard": [
        57.9663927708941
      ],
      "g+5% f-5%": [
        57.48249485167905
      ],
      "g-5% f+5%": [
        56.93514849441433
      ],
      "g+10% f-10%": [
        57.76433774282129
      ],
      "g-10% f+10%": [
        56.668169667489266
      ],
      "High Gravity / Low Friction": [
        58.40799810238461
      ],
      "Low Gravity / High Friction": [
        56.13592155628478
      ]
    },
    "ppo_physics": {
      "Standard": [
        54.28966061216548
      ],
      "g+5% f-5%": [
        52.83079609483587
      ],
      "g-5% f+5%": [
        53.33592351599687
      ],
      "g+10% f-10%": [
        52.69184981524281
      ],
      "g-10% f+10%": [
        53.56922851183415
      ],
      "High Gravity / Low Friction": [
        52.4625954951319
      ],
      "Low Gravity / High Friction": [
        54.14604584651827
      ]
    },
    "axiom_fixed": {
      "Standard": [
        -52.55634907254858
      ],
      "g+5% f-5%": [
        -52.909037180926674
      ],
      "g-5% f+5%": [
        -52.17060220775243
      ],
      "g+10% f-10%": [
        -53.25138753819907
      ],
      "g-10% f+10%": [
        -51.765356537920894
      ],
      "High Gravity / Low Friction": [
        -53.812989698782744
      ],
      "Low Gravity / High Friction": [
        -50.87135901340356
      ]
    },
    "axiom_discovery": {
      "Standard": [
        -54.82858250220618
      ],
      "g+5% f-5%": [
        -54.829004583232745
      ],
      "g-5% f+5%": [
        -54.828160732046356
      ],
      "g+10% f-10%": [
        -54.82942575774095
      ],
      "g-10% f+10%": [
        -54.82773807257492
      ],
      "High Gravity / Low Friction": [
        -54.830256840628266
      ],
      "Low Gravity / High Friction": [
        -54.82688274784331
      ]
    }
  },
  "summary": {
    "ppo": {
      "Standard": {
        "mean": 58.101185474205664,
        "std": 0.0,
        "n": 1
      },
      "g+5% f-5%": {
        "mean": 58.34580791841137,
        "std": 0.0,
        "n": 1
      },
      "g-5% f+5%": {
        "mean": 57.6784227208472,
        "std": 0.0,
        "n": 1
      },
      "g+10% f-10%": {
        "mean": 58.6679628619195,
        "std": 0.0,
        "n": 1
      },
      "g-10% f+10%": {
        "mean": 57.37211725172036,
        "std": 0.0,
        "n": 1
      },
      "High Gravity / Low Friction": {
        "mean": 59.301546439409705,
        "std": 0.0,
        "n": 1
      },
      "Low Gravity / High Friction": {
        "mean": 56.72284394648484,
        "std": 0.0,
        "n": 1
      }
    },
    "ppo_domain_rand": {
      "Standard": {
        "mean": 57.9663927708941,
        "std": 0.0,
        "n": 1
      },
      "g+5% f-5%": {
        "mean": 57.48249485167905,
        "std": 0.0,
        "n": 1
      },
      "g-5% f+5%": {
        "mean": 56.93514849441433,
        "std": 0.0,
        "n": 1
      },
      "g+10% f-10%": {
        "mean": 57.76433774282129,
        "std": 0.0,
        "n": 1
      },
      "g-10% f+10%": {
        "mean": 56.668169667489266,
        "std": 0.0,
        "n": 1
      },
      "High Gravity / Low Friction": {
        "mean": 58.40799810238461,
        "std": 0.0,
        "n": 1
      },
      "Low Gravity / High Friction": {
        "mean": 56.13592155628478,
        "std": 0.0,
        "n": 1
      }
    },
    "ppo_physics": {
      "Standard": {
        "mean": 54.28966061216548,
        "std": 0.0,
        "n": 1
      },
      "g+5% f-5%": {
        "mean": 52.83079609483587,
        "std": 0.0,
        "n": 1
      },
      "g-5% f+5%": {
        "mean": 53.33592351599687,
        "std": 0.0,
        "n": 1
      },
      "g+10% f-10%": {
        "mean": 52.69184981524281,
        "std": 0.0,
        "n": 1
      },
      "g-10% f+10%": {
        "mean": 53.56922851183415,
        "std": 0.0,
        "n": 1
      },
      "High Gravity / Low Friction": {
        "mean": 52.4625954951319,
        "std": 0.0,
        "n": 1
      },
      "Low Gravity / High Friction": {
        "mean": 54.14604584651827,
        "std": 0.0,
        "n": 1
      }
    },
    "axiom_fixed": {
      "Standard": {
        "mean": -52.55634907254858,
        "std": 0.0,
        "n": 1
      },
      "g+5% f-5%": {
        "mean": -52.909037180926674,
        "std": 0.0,
        "n": 1
      },
      "g-5% f+5%": {
        "mean": -52.17060220775243,
        "std": 0.0,
        "n": 1
      },
      "g+10% f-10%": {
        "mean": -53.25138753819907,
        "std": 0.0,
        "n": 1
      },
      "g-10% f+10%": {
        "mean": -51.765356537920894,
        "std": 0.0,
        "n": 1
      },
      "High Gravity / Low Friction": {
        "mean": -53.812989698782744,
        "std": 0.0,
        "n": 1
      },
      "Low Gravity / High Friction": {
        "mean": -50.87135901340356,
        "std": 0.0,
        "n": 1
      }
    },
    "axiom_discovery": {
      "Standard": {
        "mean": -54.82858250220618,
        "std": 0.0,
        "n": 1
      },
      "g+5% f-5%": {
        "mean": -54.829004583232745,
        "std": 0.0,
        "n": 1
      },
      "g-5% f+5%": {
        "mean": -54.828160732046356,
        "std": 0.0,
        "n": 1
      },
      "g+10% f-10%": {
        "mean": -54.82942575774095,
        "std": 0.0,
        "n": 1
      },
      "g-10% f+10%": {
        "mean": -54.82773807257492,
        "std": 0.0,
        "n": 1
      },
      "High Gravity / Low Friction": {
        "mean": -54.830256840628266,
        "std": 0.0,
        "n": 1
      },
      "Low Gravity / High Friction": {
        "mean": -54.82688274784331,
        "std": 0.0,
        "n": 1
      }
    }
  },
  "meta": {
    "env_id": "Walker2d-v5",
    "total_steps": 2000,
    "seeds": [
      42
    ],
    "eval_steps_per_condition": 50
  }
}