{
  "timestamp": "2026-02-26T12:42:30.516004",
  "a0_si": 1.199088337176552e-10,
  "bins": [
    {
      "g_N": 7.079457843841374e-11,
      "gamma_g_obs": 1.43,
      "gamma_g_pred": 1.864906065559537,
      "source": "Chae 2023"
    },
    {
      "g_N": 1.2302687708123811e-09,
      "gamma_g_obs": 1.034,
      "gamma_g_pred": 1.0423618910512613,
      "source": "Chae 2023 (high g)"
    },
    {
      "g_N": 1e-10,
      "gamma_g_obs": 1.49,
      "gamma_g_pred": 1.6701358321930009,
      "source": "Chae 2024"
    },
    {
      "s_kau": 5.0,
      "g_N": 4.744281850384159e-10,
      "gamma_vp_obs": 1.2,
      "gamma_vp_pred": 1.0763445501250044,
      "source": "Chae 2024 s>5kau"
    }
  ],
  "verdict": "MARGINAL"
}