{
  "timestamp": "2026-02-26T10:01:01.210331",
  "config": {
    "z_bins": [
      0.0,
      0.8,
      1.5,
      2.3
    ],
    "a0_ref": 1.3853287112004008e-10,
    "a0_local_cache": 2.092311309265163e-11,
    "data_source": "SPARC RAR z=0 (n=2693) + RC100 z>0.6 (n=100)"
  },
  "fit_results": {
    "0.0": {
      "a0": 4274.677746854592,
      "a0_si": 1.3853287112004008e-10,
      "n_pts": 2577,
      "r2": 0.933478067717473,
      "n_filtered": 116,
      "exclude_from_verdict": false,
      "a0_si_lo": 1.3160622756403807e-10,
      "a0_si_hi": 1.454595146760421e-10
    },
    "0.8": {
      "a0": 4054.8628504754565,
      "a0_si": 1.3140915548258348e-10,
      "n_pts": 18,
      "r2": 0.8305865664262783,
      "n_filtered": 13,
      "exclude_from_verdict": false,
      "a0_si_lo": 9.129863113359768e-11,
      "a0_si_hi": 1.5516472259765884e-10
    },
    "1.5": {
      "a0": 3278.829637082747,
      "a0_si": 1.0625963182202022e-10,
      "n_pts": 6,
      "r2": 0.9028685738126273,
      "n_filtered": 20,
      "exclude_from_verdict": true,
      "a0_si_lo": 6.143442526445043e-11,
      "a0_si_hi": 1.3997761284745236e-10
    },
    "2.3": {
      "a0": 3189.4033251678775,
      "a0_si": 1.033615224259707e-10,
      "n_pts": 14,
      "r2": 0.9774084749395013,
      "n_filtered": 27,
      "exclude_from_verdict": false,
      "a0_si_lo": 8.148437164945749e-11,
      "a0_si_hi": 1.228273906834555e-10
    }
  },
  "verdict": "FAVORS_STATIC",
  "n_data": 2793
}