{
  "timestamp": "2026-02-25T20:00:58.848269",
  "config": {
    "a0_si": 1.2e-10,
    "a0_source": "McGaugh fallback (1.2e-10 m/s^2)"
  },
  "cassini": {
    "position_uncertainty_m": 10.0,
    "mission_years": 13.0,
    "implied_delta_g_threshold": 1.188325336461077e-16
  },
  "results": [
    {
      "name": "Saturn",
      "r_au": 9.537721044342582,
      "g_newton": 6.51915433195614e-05,
      "g_meta": 6.51915433195614e-05,
      "delta_g": 0.0,
      "drift_m_per_year": 0.0,
      "precession_arcsec_century": 0.0
    },
    {
      "name": "Pluto",
      "r_au": 39.08806155082044,
      "g_newton": 3.881434197327694e-06,
      "g_meta": 3.881434197327694e-06,
      "delta_g": 0.0,
      "drift_m_per_year": 0.0,
      "precession_arcsec_century": 0.0
    },
    {
      "name": "Proxima_Centauri",
      "r_au": 268520.74840394105,
      "g_newton": 8.22478959988483e-14,
      "g_meta": 3.1829188160223766e-12,
      "delta_g": 3.1006709200235284e-12,
      "drift_m_per_year": 1543.9513611549396,
      "precession_arcsec_century": 1661174.3084834768
    }
  ],
  "falsification": {
    "verdict": "PASSED",
    "delta_g_saturn": 0.0
  }
}