{
  "data_source": "REAL (Rotmod_LTG)",
  "g0": 3699.9999867535116,
  "a0_si": 1.1990883328836575e-10,
  "n_galaxies": 62,
  "n_points": 1426,
  "mean_residual": -0.19046549724791426,
  "std_residual": 0.16274068641862888,
  "groups": {
    "Gas+HighSB": {
      "n": 26,
      "mean": -0.3157327515186888,
      "std": 0.16538596758392876
    },
    "Gas+LowSB": {
      "n": 46,
      "mean": -0.06217067981468082,
      "std": 0.13715272583515303
    },
    "Star+HighSB": {
      "n": 607,
      "mean": -0.22136781932992103,
      "std": 0.1746324359865868
    },
    "Star+LowSB": {
      "n": 747,
      "mean": -0.16889508692276098,
      "std": 0.14445000723639712
    }
  }
}