{
  "dim": 32,
  "capacity": 5000,
  "memory": [
    {
      "key": [
        0.12006008063260458,
        0.25794474860238054,
        0.2050075785771489,
        -1.6839908654368538,
        -0.053167424547385586,
        -1.3542032921386997,
        -0.04147525677960756,
        -0.7888704686911078,
        0.054865517907356796,
        0.30402171846188947,
        1.1875304012715229,
        0.3215058131969416,
        -0.8808463811620582,
        1.9506528045538774,
        -1.0057615509425766,
        0.6176136499795639,
        -1.2780984836941032,
        -0.033239021574596586,
        0.4199705876170883,
        -0.2325590611192682,
        -1.3467845635859563,
        -0.02605854434241152,
        1.3728119016258993,
        0.2477849281616946,
        0.012178350747757425,
        0.3862121116189273,
        -0.45284934574392505,
        1.1333720389214477,
        1.4366574555738811,
        0.3371548766683993,
        0.9611434672116379,
        -1.3860653326976387
      ],
      "value": [
        "formula",
        "r2",
        "domain"
      ],
      "confidence": 1.0
    }
  ],
  "knowledge_base": {}
}