{
  "noise_levels": [
    0.0,
    0.01,
    0.05,
    0.1,
    0.2
  ],
  "recovery_rates": [
    0.7692307692307693,
    0.7692307692307693,
    0.7692307692307693,
    0.7692307692307693,
    0.7692307692307693
  ],
  "success_counts": [
    10,
    10,
    10,
    10,
    10
  ],
  "n_formulas": 13
}