{
  "noise_levels": [
    0.0,
    0.01,
    0.05,
    0.1,
    0.2
  ],
  "recovery_rates": [
    0.8333333333333334,
    0.8333333333333334,
    0.8333333333333334,
    0.8333333333333334,
    0.8333333333333334
  ],
  "success_counts": [
    5,
    5,
    5,
    5,
    5
  ],
  "n_formulas": 6
}