{
  "env_name": "Pendulum-v1",
  "n_episodes": 5,
  "success_rate": 0.0,
  "mean_reward": -1187.1698285509876,
  "std_reward": 142.65899340825462,
  "mean_length": 200.0,
  "all_rewards": [
    -1135.019506298899,
    -961.7767793507235,
    -1198.9133480849232,
    -1399.98711298607,
    -1240.152396034322
  ],
  "all_lengths": [
    200,
    200,
    200,
    200,
    200
  ]
}